{"extracted_information": "chatllm.abacus.ai is a comprehensive AI assistant platform for teams, providing access to multiple top Large Language Models (LLMs), video and image generators, and including general-purpose and coding agents. It aims to be an 'AI Brain' that connects various tools and allows users to set up complex AI workflows and automate tasks.", "specifications": {}, "pricing": {"cost_per_user": "10 USD", "billing_cycle": "monthly"}, "features": [{"name": "Unified AI Assistant", "description": "One assistant providing access to top LLMs, video, and image generators."}, {"name": "DeepAgent", "description": "A general-purpose AI agent."}, {"name": "Web Search", "description": "Capability to search the web."}, {"name": "Chat With Docs", "description": "Interact with documents using chat."}, {"name": "Image Generation", "description": "Generate images from multiple models, including FLUX.1 [Pro]."}, {"name": "Video Generation", "description": "Generate videos from text and from multiple models."}, {"name": "Projects", "description": "Organize chats and files."}, {"name": "Deep Research", "description": "Perform in-depth research."}, {"name": "Document & Presentation Generation", "description": "Generate documents and Powerpoints."}, {"name": "Humanize Text", "description": "Transform text to sound more human."}, {"name": "Text To Speech", "description": "Convert text into spoken audio."}, {"name": "Full Suite of AI Tools Access", "description": "Access to a comprehensive collection of AI tools."}, {"name": "Complex AI Workflow Setup", "description": "Ability to instantly set up complex AI workflows."}, {"name": "Mobile Apps", "description": "iOS and Android applications with voice mode."}, {"name": "Intelligent Tasks", "description": "Automate any task using AI."}, {"name": "Code and Text Editor", "description": "Integrated editor for code and text."}, {"name": "Artifacts Playground", "description": "Environment for experimenting with AI artifacts."}, {"name": "Custom ChatBots", "description": "Create personalized chatbots."}, {"name": "Code Execution & Data Analysis", "description": "Execute code, analyze data, and draw plots."}, {"name": "AI Engineer (GitHub Integration)", "description": "Connects to GitHub to submit Pull Requests (PRs)."}, {"name": "ChatLLM Operator", "description": "Use LLMs to perform tasks on a computer."}, {"name": "CODELLM", "description": "AI-powered code editor."}, {"name": "APPLLM", "description": "Platform to build and host applications."}, {"name": "Slack & Teams Integration", "description": "Integrate with collaboration platforms like Slack or Microsoft Teams."}], "statistics": {}, "temporal_info": {}, "geographical_data": {}, "references": [], "n8n_replication_considerations": {"llm_interactions": "N8N would require nodes for interacting with various LLMs (e.g., OpenAI, Anthropic, custom APIs).", "multimodal_generation": "Nodes for image and video generation APIs (e.g., DALL-E, Midjourney, Stability AI, custom video synthesis services).", "web_interaction": "Nodes for web scraping, search APIs (e.g., Google Search API, Brave Search API) for 'Search the Web' and 'Deep Research'.", "document_processing": "Nodes for file uploads, parsing, embedding, and RAG (Retrieval Augmented Generation) operations for 'Chat With Docs' and 'Projects'.", "content_creation": "Nodes for generating documents and presentations (e.g., Google Docs API, Microsoft Graph API).", "text_transformation": "Nodes for text manipulation (e.g., custom code for 'Humanize Text') and Text-to-Speech APIs.", "code_execution": "Nodes for running code in a secure environment or integrating with external code execution services, and data visualization libraries for 'Execute Code, Analyze Data, and Draw Plots'.", "git_integration": "A dedicated GitHub node for creating and submitting Pull Requests ('AI Engineer').", "system_automation": "More advanced N8N setups or custom nodes might be needed for 'ChatLLM Operator' to perform tasks directly on a computer, possibly via local agents or remote desktop automation APIs.", "chatbot_development": "N8N's workflow capabilities directly support building custom chatbots by connecting various AI services and message platforms.", "workflow_orchestration": "N8N's core function is to 'SET UP COMPLEX AI WORKFLOWS INSTANTLY' and 'Automate Any Task Using AI' by chaining different operations.", "collaboration_integrations": "N8N has native nodes for Slack and Microsoft Teams integration."}}