{"extracted_information": "This webpage presents a 'Vector Logo Collection' featuring editable SVG files and enhanced PNG iterations. The collection is based on user preferences, offering fully editable vector graphics and various refined iterations. It includes selected favorites, new vector concepts, and experimental designs, categorized by their file type and design focus. Documentation and guides are also provided.", "specifications": {"total_svg_vectors_available": 9, "total_png_iterations_available": 8, "file_formats": ["SVG", "PNG"], "editability": "Fully Editable Vector Graphics (SVG)", "quality": "Professional quality"}, "pricing": {}, "features": [{"category": "EDITABLE VECTOR FILES (SVG) - Your Selected Favorites", "items": [{"name": "Apollo Celestial", "description": "Golden ring with astronomical peak, three blue spheres in orbital positioning", "download_link": "vector_logos/apollo_transport_celestial.svg"}, {"name": "Apollo Divine Path", "description": "Open C-shaped metallic ring with two blue pathway markers", "download_link": "vector_logos/apollo_transport_divine_path.svg"}, {"name": "Apollo Orbital", "description": "Incomplete orbital arc with three strategically placed blue gems", "download_link": "vector_logos/apollo_transport_orbital.svg"}, {"name": "Apollo Gateway", "description": "Medallion-style pendant with gateway gap and three sparkling stars", "download_link": "vector_logos/apollo_transport_celestial_gateway.svg"}, {"name": "Blossom Growth Cycle", "description": "Organic bronze ring with emerging branches and blue-green accents", "download_link": "vector_logos/blossom_mobility_growth_cycle.svg"}, {"name": "Blossom Opening Bud", "description": "Ring shaped like opening flower bud with growth node markers", "download_link": "vector_logos/blossom_mobility_opening_bud.svg"}]}, {"category": "NEW VECTOR CONCEPTS - Enhanced & Combined (SVG)", "items": [{"name": "Apollo Hybrid Celestial-Orbital", "description": "Combines celestial peak with orbital precision - best of both concepts", "download_link": "vector_logos/apollo_hybrid_celestial_orbital.svg"}, {"name": "Minimalist Refined", "description": "Distilled essence - clean metallic ring with precise blue positioning", "download_link": "vector_logos/minimalist_refined_transport.svg"}, {"name": "Hybrid Apollo-Blossom", "description": "Experimental: precision meets organic flow - dual-brand potential", "download_link": "vector_logos/hybrid_apollo_blossom_concept.svg"}]}, {"category": "APOLLO ITERATIONS (PNG)", "items": [{"name": "Apollo Premium Gold", "description": "Enhanced 3D metallic finish with deeper textures", "download_link": "apollo_iteration_1.png"}, {"name": "Apollo Luxury Silver", "description": "Advanced C-ring with premium material simulation", "download_link": "apollo_iteration_2.png"}, {"name": "Apollo Medallion Plus", "description": "Enriched medallion with enhanced textural details", "download_link": "apollo_iteration_3.png"}]}, {"category": "BLOSSOM ITERATIONS (PNG)", "items": [{"name": "Blossom Elevated Bronze", "description": "Premium natural craftsmanship with enhanced textures", "download_link": "blossom_iteration_1.png"}, {"name": "Blossom Premium Growth", "description": "Sophisticated organic design with refined natural elements", "download_link": "blossom_iteration_2.png"}]}, {"category": "EXPERIMENTAL CONCEPTS (PNG)", "items": [{"name": "Hybrid Celestial-Organic", "description": "Sophisticated blend of Apollo precision with Blossom warmth", "download_link": "hybrid_iteration_1.png"}, {"name": "Hybrid Advanced Concept", "description": "Experimental dual-brand potential with premium materials", "download_link": "hybrid_iteration_2.png"}, {"name": "Minimalist Premium", "description": "Distilled elegance with maximum impact", "download_link": "minimalist_iteration_1.png"}]}], "statistics": {"svg_vectors_count": 9, "png_iterations_count": 8}, "temporal_info": {}, "geographical_data": {}, "references": [{"name": "Vector Guide (MD)", "link": "vector_logo_collection.md"}, {"name": "Complete Guide (PDF)", "link": "craftsmanship_branding_masterclass.pdf"}, {"name": "Brand Guidelines", "link": "apollo_blossom_brand_guide.md"}]}