{"extracted_information": "The provided web content is an overview page for n8n's architecture, stating that the section is 'a work in progress' and lacks details on components, data structures, and interactions. For n8n nodes, the content primarily lists various node categories and documentation sub-sections (e.g., built-in, community, creating nodes) but does not provide introductory information on what n8n nodes are or their fundamental purpose.", "specifications": {}, "pricing": {}, "features": [], "statistics": {}, "temporal_info": {}, "geographical_data": {}, "references": []}